Observation Number,dist_cod,county,district,gr_span,enrl_tot,teachers,calw_pct,meal_pct,computer,testscr,comp_stu,expn_stu,str,avginc,el_pct,read_scr,math_scr
1,75119,Alameda,Sunol Glen Unified,KK-08,195,10.89999962,0.510200024,2.040800095,67,690.7999878,0.343589753,6384.911133,17.88990974,22.69000053,0,691.5999756,690
2,61499,Butte,Manzanita Elementary,KK-08,240,11.14999962,15.41670036,47.91669846,101,661.2000122,0.420833319,5099.380859,21.52466393,9.824000359,4.583333492,660.5,661.9000244
3,61549,Butte,Thermalito Union Elementary,KK-08,1550,82.90000153,55.03229904,76.32260132,169,643.5999756,0.109032258,5501.95459,18.69722557,8.977999687,30.00000191,636.2999878,650.9000244
4,61457,Butte,Golden Feather Union Elementary,KK-08,243,14,36.47539902,77.04920197,85,647.7000122,0.349794239,7101.831055,17.3571434,8.977999687,0,651.9000244,643.5
5,61523,Butte,Palermo Union Elementary,KK-08,1335,71.5,33.10860062,78.42700195,171,640.8499756,0.12808989,5235.987793,18.6713295,9.080332756,13.85767746,641.7999878,639.9000244
6,62042,Fresno,Burrel Union Elementary,KK-08,137,6.400000095,12.31879997,86.95649719,25,605.5500488,0.182481751,5580.146973,21.40625,10.41499996,12.40875912,605.7000122,605.4000244
7,68536,San Joaquin,Holt Union Elementary,KK-08,195,10,12.90320015,94.623703,28,606.75,0.14358975,5253.331055,19.5,6.577000141,68.71794891,604.5,609
8,63834,Kern,Vineland Elementary,KK-08,888,42.5,18.80629921,100,66,609,0.074324325,4565.746094,20.89411736,8.173999786,46.95946121,605.5,612.5
9,62331,Fresno,Orange Center Elementary,KK-08,379,19,32.18999863,93.13980103,35,612.5,0.092348285,5355.54834,19.94736862,7.385000229,30.07915688,608.9000244,616.0999756
10,67306,Sacramento,Del Paso Heights Elementary,KK-06,2247,108,78.99420166,87.31639862,0,612.6500244,0,5036.211426,20.80555534,11.61333275,40.27592087,611.9000244,613.4000244
11,65722,Merced,Le Grand Union Elementary,KK-08,446,21,18.60989952,85.87439728,86,615.75,0.192825109,4547.692383,21.23809433,8.930999756,52.91479874,612.7999878,618.7000122
12,62174,Fresno,West Fresno Elementary,KK-08,987,47,71.71309662,98.60559845,56,616.2999878,0.056737587,5447.345215,21,7.385000229,54.60993195,616.5999756,616
13,71795,Tulare,Allensworth Elementary,KK-08,103,5,22.42989922,98.13079834,25,616.2999878,0.242718443,6567.149414,20.60000038,5.335000038,42.71844482,612.7999878,619.7999878
14,72181,Tulare,Sunnyside Union Elementary,KK-08,487,24.34000015,24.6093998,77.14839935,0,616.2999878,0,4818.612793,20.00821686,8.279000282,20.53388023,610,622.5999756
15,72298,Tulare,Woodville Elementary,KK-08,649,36,14.63790035,76.27120209,31,616.4500122,0.047765795,5621.456055,18.02777863,9.630000114,80.1232605,611.9000244,621
16,72041,Tulare,Pixley Union Elementary,KK-08,852,42.06999969,24.21419907,94.29570007,80,617.3499756,0.093896717,6026.359863,20.25196075,7.453999996,49.41314316,614.7999878,619.9000244
17,63594,Kern,Lost Hills Union Elementary,KK-08,491,28.92000008,11.20160007,97.75969696,100,618.0500488,0.203665987,6723.237793,16.97786903,6.21600008,85.53971863,611.7000122,624.4000244
18,63370,Kern,Buttonwillow Union Elementary,KK-08,421,25.5,8.551099777,77.90969849,50,618.3000488,0.118764848,5589.885254,16.50980377,7.763999939,58.90736389,614.9000244,621.7000122
19,64709,Los Angeles,Lennox Elementary,KK-08,6880,303.0299988,21.28240013,94.97119904,960,619.7999878,0.139534891,5064.615723,22.70402336,7.021999836,77.0058136,619.0999756,620.5
20,63560,Kern,Lamont Elementary,KK-08,2688,135,23.4375,93.22920227,139,620.2999878,0.05171131,5433.593262,19.91111183,5.698999882,49.81398773,621.2999878,619.2999878
21,63230,Imperial,Westmorland Union Elementary,KK-08,440,24,34.77270126,100,69,620.5,0.156818181,5725.563477,18.33333397,7.940999985,40.68181992,615.5999756,625.4000244
22,72058,Tulare,Pleasant View Elementary,KK-08,475,21,21.64949989,91.54640198,53,621.4000244,0.111578949,4542.10498,22.61904716,9.630000114,16.21052551,619.9000244,622.9000244
23,63842,Kern,Wasco Union Elementary,KK-08,2538,130.5,18.91110039,70.8167038,169,621.75,0.066587865,5107.086426,19.44827652,7.40500021,45.07486343,622.9000244,620.5999756
24,71811,Tulare,Alta Vista Elementary,KK-08,476,19,43.85589981,100,0,622.0500488,0,4659.661621,25.05263138,9.630000114,39.07563019,620.7000122,623.4000244
25,65748,Merced,Livingston Union Elementary,KK-08,2357,114,16.8010006,90.623703,216,622.5999756,0.091641918,4555.464355,20.67543793,8.019000053,76.66525269,619.5,625.7000122
26,72272,Tulare,Woodlake Union Elementary,KK-08,1588,85,22.40719986,85.14720154,198,623.0999756,0.124685138,5415.152832,18.68235207,8.522999763,40.49118423,625,621.2000122
27,65961,Monterey,Alisal Union Elementary,KK-06,7306,319.7999878,17.00149918,88.03489685,742,623.2000122,0.101560362,4997.871582,22.84552956,7.983181477,73.7202301,620.4000244,626
28,63313,Kern,Arvin Union Elementary,KK-08,2601,135,15.07110023,92.19529724,269,623.4500122,0.103421763,5223.912109,19.26666641,7.304999828,70.01153564,616.5,630.4000244
29,72199,Tulare,Terra Bella Union Elementary,KK-08,847,44,16.2928009,90.20069885,67,623.5999756,0.079102717,5139.164551,19.25,8.934000015,55.96221542,620.0999756,627.0999756
30,72215,Tulare,Tipton Elementary,KK-08,452,22,14.49890041,81.02349854,55,624.1500244,0.121681415,4614.251953,20.54545403,8.553999901,11.06194687,627.9000244,620.4000244
31,68379,San Diego,San Ysidro Elementary,KK-08,4142,201,35.5625,81.50650024,569,624.5500488,0.137373254,5342.233398,20.60696602,6.612999916,80.42008972,620.4000244,628.7000122
32,75440,Monterey,Soledad Unified,KK-08,2102,99.75,15.31989956,90.28489685,224,624.9500122,0.106565177,5347.458496,21.07268143,12.4090004,63.13035583,623,626.9000244
33,64816,Los Angeles,Mountain View Elementary,KK-08,10012,464.8999939,29.76390076,91.59339905,721,625.2999878,0.072013587,5036.458984,21.53581429,8.126615524,65.12185669,620.7999878,629.7999878
34,66050,Monterey,King City Union Elementary,KK-08,2488,125,12.69200039,55.0929985,202,625.8499756,0.081189707,5117.141602,19.90399933,11.43099976,53.41640091,626.0999756,625.5999756
35,67819,San Bernardino,Ontario-Montclair Elementary,KK-08,25151,1186.699951,17.44260025,80.19560242,1713,626.0999756,0.068108626,5117.039551,21.19406891,11.72222519,49.82307053,625.4000244,626.7999878
36,64758,Los Angeles,Los Nietos Elementary,KK-08,2267,103.6800003,19.15169907,84.43379974,177,626.8000488,0.07807675,5272.191895,21.86535454,11.33250046,35.46537018,625.4000244,628.2000122
37,65870,Merced,Winton Elementary,KK-08,1657,90.40000153,28.84729958,84.73139954,204,626.9000244,0.123114064,5225.719238,18.32964516,9.597999573,56.12552643,623.5999756,630.2000122
38,62380,Fresno,Raisin City Elementary,KK-08,284,17.5,14.52700043,94.93240356,18,627.0999756,0.063380279,6516.533203,16.22857094,14.55799961,32.39436722,628.9000244,625.2999878
39,68999,San Mateo,Ravenswood City Elementary,KK-08,5370,280,19.57169914,81.11730194,562,627.25,0.104655497,4559.176758,19.1785717,22.05999947,65.51210022,624.4000244,630.0999756
40,63578,Kern,Richland-Lerdo Union Elementary,KK-08,2471,121.8600006,23.79599953,87.77819824,275,627.2999878,0.111290976,5119.158203,20.27736664,9.708999634,53.05544281,627.5,627.0999756
41,72538,Ventura,Oxnard Elementary,KK-08,15386,669.3599854,12.50640011,71.43309784,1762,628.25,0.114519693,5338.185547,22.98613739,11.48294449,49.64253235,627.7999878,628.7000122
42,65680,Merced,El Nido Elementary,KK-08,184,9,22.2826004,85.86959839,40,628.4000244,0.217391297,5090.044922,20.44444466,8.17800045,45.10869598,621.5999756,635.2000122
43,63461,Kern,Fairfax Elementary,KK-08,1217,61.40000153,33.90800095,88.09519958,78,628.5500488,0.064092033,5485.496094,19.82084656,8.173999786,30.32045937,629.4000244,627.7000122
44,63404,Kern,Delano Union Elementary,KK-08,6219,268,21.49860001,100,571,628.6500244,0.091815405,4793.370117,23.20522308,7.5,52.24312592,621.0999756,636.2000122
45,67199,Riverside,Perris Elementary,KK-06,4258,221,24.65950012,92.74310303,324,628.75,0.076092064,5092.91748,19.26696777,10.05049992,36.80131531,626.5,631
46,65078,Los Angeles,Valle Lindo Elementary,KK-08,1235,53,8.218299866,62.13019943,175,629.8000488,0.141700402,4359.520996,23.30188751,7.331999779,30.28339958,630.2000122,629.4000244
47,69369,Santa Clara,Alum Rock Union Elementary,KK-08,16244,766.6500244,17.4531002,69.73989868,1423,630.3499756,0.087601572,5645.495605,21.18828583,12.5815773,49.8645668,629.5,631.2000122
48,63438,Kern,Edison Elementary,KK-08,814,39,19.77890015,67.44470215,85,630.4000244,0.104422607,4518.016113,20.87179565,15.17700005,13.75921345,631.9000244,628.9000244
49,63321,Kern,Bakersfield City Elementary,KK-08,27176,1429,39.21839905,84.29499817,3324,630.5499878,0.122313805,5864.366211,19.0174942,12.109128,28.86370468,631.5999756,629.5
50,69450,Santa Clara,Franklin-McKinley Elementary,KK-08,10696,487.9700012,22.15780067,70.89569855,1306,630.5499878,0.122101717,5257.996582,21.91938019,11.78499985,52.80478668,628.5,632.5999756
51,64592,Los Angeles,Hawthorne Elementary,KK-08,8935,444.5,36.94509888,79.51200104,786,631.0500488,0.087968662,5016.692383,20.10123825,14.06200027,44.08506012,628.4000244,633.7000122
52,65193,Madera,Chowchilla Elementary,KK-08,1600,74.5,27.26140022,79.72550201,242,631.4000244,0.151250005,4720.086426,21.476511,10.47200012,35.25,635.7000122,627.0999756
53,66142,Monterey,Salinas City Elementary,KK-06,9028,449.9200134,13.98849964,69.94249725,669,631.8499756,0.074102789,5470.5625,20.06578827,13.40511703,37.49446106,633,630.7000122
54,69120,Santa Barbara,Santa Maria-Bonita Elementary,KK-08,10625,521.4699707,7.497499943,77.52559662,896,631.9000244,0.084329411,5615.441895,20.37509537,12.30179977,50.39059067,629.5999756,634.2000122
55,65110,Los Angeles,Whittier City Elementary,KK-08,7151,318.5799866,18.54809952,61.73820114,560,631.9500122,0.078310728,5245.439941,22.4464817,15.40407085,31.07257843,634.2000122,629.7000122
56,64477,Los Angeles,Eastside Union Elementary,KK-08,2404,105,20.92740059,52.94350052,202,632,0.08402662,4838.175293,22.89523888,13.76200008,18.26123238,633.5,630.5
57,64691,Los Angeles,Lawndale Elementary,KK-08,5804,283.1499939,28.34250069,81.11650085,480,632.2000122,0.082701586,5367.988281,20.49797058,14.18400002,34.70020676,631.4000244,633
58,67421,Sacramento,Robla Elementary,KK-06,2253,112.6500015,43.49760056,84.55390167,196,632.25,0.086995117,5526.236816,20,8.864999771,33.28894806,637.5,627
59,66191,Monterey,Santa Rita Union Elementary,KK-08,2807,126.1200027,15.45950031,52.39640045,152,632.4499512,0.054150339,4353.019531,22.25658035,12.99699974,33.48770905,637.2999878,627.5999756
60,72561,Ventura,Rio Elementary,KK-08,3074,142.5500031,11.28979969,66.19490051,249,632.8499756,0.081001952,5034.290039,21.56436348,11.59200001,38.15875244,633.2000122,632.5
61,72157,Tulare,Strathmore Union Elementary,KK-08,723,37.11999893,25.92110062,83.15789795,45,632.9500122,0.062240664,4692.493652,19.47737122,8.279000282,36.92946243,629.2000122,636.7000122
62,67397,Sacramento,North Sacramento Elementary,KK-06,5138,290.7749939,58.75220108,84.99900055,560,633.0499878,0.108991824,5606.781738,17.67002106,10.90564251,32.98949051,630.2999878,635.7999878
63,66423,Orange,Anaheim Elementary,KK-06,20927,953.5,10.91139984,82.39260101,1048,633.1500244,0.050078847,4969.180664,21.94756126,13.40062523,58.21665573,629.5999756,636.7000122
64,63974,Kings,Lemoore Union Elementary,KK-08,3017,138.5,14.97679996,56.06359863,496,633.6500244,0.164401725,4675.674805,21.78339386,11.08100033,17.00364685,634.4000244,632.9000244
65,63875,Kings,Armona Union Elementary,KK-08,957,50,27.16819954,82.13169861,149,633.9000244,0.155694887,5306.132813,19.13999939,9.081999779,17.65935326,634.7000122,633.0999756
66,63339,Kern,Beardsley Elementary,KK-08,1639,90.5,46.88819885,80.60420227,287,634,0.175106779,5693.883301,18.11049652,13.39000034,7.321537495,638.4000244,629.5999756
67,65037,Los Angeles,South Whittier Elementary,KK-08,4340,209.8399963,17.70260048,93.92269897,284,634.0500488,0.065437786,5181.57959,20.68242455,14.60162544,31.19815636,631.9000244,636.2000122
68,63917,Kings,Hanford Elementary,KK-08,5079,224.5,25.55929947,63.80360031,585,634.0999756,0.115180157,5228.650879,22.62360764,11.11600018,16.61744499,637.7000122,630.5
69,68221,San Diego,National Elementary,KK-06,6639,304.730011,26.84140015,100,505,634.0999756,0.076065674,5339.391113,21.78649902,8.423000336,58.08103561,631.5,636.7000122
70,70904,Sonoma,Roseland Elementary,KK-06,1154,62.09999847,22.92770004,84.92060089,129,634.1500244,0.111785099,6056.49707,18.58293152,11.66499996,55.89254379,636.7999878,631.5
71,63420,Kern,Di Giorgio Elementary,KK-08,237,11,19.83119965,76.79319763,13,634.1999512,0.054852322,4845.680176,21.54545403,7.304999828,5.485232353,631.7999878,636.5999756
72,64642,Los Angeles,Keppel Union Elementary,KK-08,2987,141.2100067,21.25880051,68.39640045,273,634.4000244,0.091396049,4826.666016,21.15289116,13.7305994,14.4291935,637.7000122,631.0999756
73,63966,Kings,Lakeside Union Elementary,KK-08,499,30,40.36700058,83.11930084,94,634.5499878,0.188376755,5367.090332,16.63333321,11.11600018,22.84569168,635.5,633.5999756
74,65771,Merced,Merced City Elementary,KK-08,11474,542.6500244,40.55260086,77.0089035,1248,634.7000122,0.108767651,5742.73291,21.14438248,10.36442852,38.78333664,633.2000122,636.2000122
75,69203,Santa Barbara,Guadalupe Union Elementary,KK-08,1088,55,14.15439987,86.02940369,107,634.9000244,0.098345585,4136.250977,19.78181839,6.982999802,64.24632263,631.0999756,638.7000122
76,67694,San Bernardino,Cucamonga Elementary,KK-08,2660,140.1199951,15.76010036,74.85099792,259,634.9499512,0.097368419,5267.831055,18.98372841,14.46780014,25.22556496,637.7999878,632.0999756
77,61705,Contra Costa,Knightsen Elementary,KK-08,353,19.97999954,8.672100067,33.06230164,8,635.0499878,0.022662889,5238.39209,17.66766739,14.65299988,5.382436275,636.5999756,633.5
78,63008,Humboldt,Rio Dell Elementary,KK-08,329,18.53000069,28.91570091,85.54219818,37,635.1999512,0.112462007,5462.899414,17.75499153,10.62899971,6.079027653,644.2999878,626.0999756
79,70417,Siskiyou,Montague Elementary,KK-08,252,16.5,23.45680046,66.25509644,32,635.4500122,0.126984134,6313.373535,15.27272701,9.781000137,0,640.9000244,630
80,70409,Siskiyou,McCloud Union Elementary,KK-08,175,12.5,21.76469994,68.82350159,31,635.5999756,0.177142859,6653.030762,14,10.65600014,0,634.5999756,636.5999756
81,72587,Ventura,Santa Paula Elementary,KK-08,3835,186.1999969,13.99110031,72.8628006,897,635.5999756,0.233898312,5533.149414,20.59613419,11.93799973,34.88917923,633,638.2000122
82,62539,Fresno,West Park Elementary,KK-08,314,19.25,29.93630028,93.63059998,8,635.75,0.025477707,6118.710449,16.31168747,7.385000229,13.05732441,636.7000122,634.7999878
83,65631,Merced,Atwater Elementary,KK-08,4458,211,22.22220039,72.32080078,445,635.9500122,0.099820547,5098.626953,21.12796211,10.67599964,36.0251236,633.2000122,638.7000122
84,65862,Merced,Weaver Union Elementary,KK-08,1313,75.08000183,32.08679962,73.59760284,112,636.0999756,0.08530084,5652.878906,17.48801231,9.972000122,34.65346527,633.9000244,638.2999878
85,62356,Fresno,Pacific Union Elementary,KK-08,474,26.5,21.5189991,75.73840332,36,636.5,0.075949363,5329.002441,17.88679314,8.258000374,28.69198227,634.7000122,638.2999878
86,75051,San Bernardino,Lucerne Valley Unified,KK-08,1114,57.70000076,29.44680023,62.21279907,277,636.5999756,0.248653501,5929.809082,19.30675888,8.895999908,1.795332193,645.4000244,627.7999878
87,67231,Riverside,Romoland Elementary,KK-06,1358,65,14.79030037,80.86830139,178,636.6999512,0.131075114,4897.067871,20.89230728,12.06200027,30.63328552,632.2999878,641.0999756
88,64501,Los Angeles,El Monte City Elementary,KK-08,11629,546.2999878,25.37940025,83.873703,1015,636.9000244,0.087281793,5100.202148,21.28683853,9.428894997,59.0334549,632.4000244,641.4000244
89,63503,Kern,Greenfield Union Elementary,KK-08,6195,306.75,21.04330063,68.57189941,1261,636.9500122,0.203551248,4825.722656,20.1955986,8.920332909,13.55932236,636.2000122,637.7000122
90,72033,Tulare,Palo Verde Union Elementary,KK-08,499,20,23.69939995,80.92489624,35,637,0.07014028,4079.12915,24.95000076,10.09799957,5.010019779,636.0999756,637.9000244
91,67322,Sacramento,Elverta Joint Elementary,KK-08,417,23,19.90410042,46.04320145,27,637.0999756,0.064748198,5349.367676,18.13043404,11.82999992,0.959232628,638,636.2000122
92,64048,Lake,Lucerne Elementary,KK-08,300,15,48.3443985,72.18540192,55,637.3499756,0.183333337,5869.38916,20,11.55300045,0.666666687,640.9000244,633.7999878
93,69542,Santa Clara,Luther Burbank Elementary,KK-08,457,24.39999962,16.81609917,67.71299744,50,637.6500244,0.109409191,6462.12793,18.72950935,19.70700073,38.51203537,644.9000244,630.4000244
94,61382,Butte,Bangor Union Elementary,KK-08,146,8,25.34250069,54.10960007,34,637.9499512,0.232876718,6231.601563,18.25,7.105000019,0,646.0999756,629.7999878
95,68858,San Mateo,Bayshore Elementary,KK-08,460,24.21999931,10.59319973,66.94920349,71,637.9500122,0.154347822,4993.867676,18.99256897,13.72500038,17.17391396,633.2000122,642.7000122
96,72017,Tulare,Oak Valley Union Elementary,KK-08,354,17.79999924,10.27779961,59.72219849,28,638,0.079096042,4663.811035,19.88764191,10.09799957,9.887005806,636.7000122,639.2999878
97,65151,Los Angeles,Wilsona Elementary,KK-08,1841,95,25.25799942,64.74739838,315,638.2000122,0.171102658,6107.106445,19.37894821,13.76200008,19.39163589,640.4000244,636
98,63073,Imperial,Brawley Elementary,KK-08,3760,183.75,26.90159988,65.7960968,717,638.3000488,0.190691486,5324.228027,20.46258545,9.664999962,36.48936081,636.2000122,640.4000244
99,63198,Imperial,Meadows Union Elementary,KK-08,500,22.43000031,18.79999924,83,70,638.3000488,0.140000001,5221.460938,22.29157257,10.26399994,39.39999771,630.4000244,646.2000122
100,64717,Los Angeles,Little Lake City Elementary,KK-08,5112,246.8999939,10.69120026,59.7234993,383,638.3499756,0.07492175,5157.784668,20.70473862,11.56920052,28.67762184,638.5999756,638.0999756
101,63719,Kern,Pond Union Elementary,KK-08,146,7.659999847,13.69859982,66.43840027,28,638.5499878,0.19178082,5131.119141,19.06005287,7.40500021,13.69863033,637.5,639.5999756
102,63800,Kern,Taft City Elementary,KK-08,2141,105.8199997,26.49650002,65.38279724,134,638.7000122,0.062587574,5279.354004,20.23246956,12.07699966,11.34983635,636.9000244,640.5
103,71357,Sutter,Brittan Elementary,KK-08,610,30.97999954,8.524600029,56.06560135,144,639.25,0.236065567,4704.043945,19.6901226,11.28299999,3.442623138,640.2999878,638.2000122
104,65557,Mendocino,Arena Union Elementary,KK-08,337,16.54999924,21.26250076,60.13290024,26,639.3000488,0.077151336,6089.910645,20.36253929,10.03499985,15.43026733,642.7000122,635.9000244
105,67587,San Bernardino,Adelanto Elementary,KK-08,4501,227.8500061,19.12969971,63.9054985,597,639.3499756,0.132637188,5356.833496,19.75422287,8.383999825,17.97378349,639.9000244,638.7999878
106,67470,San Benito,Hollister School District,KK-08,5718,295.0499878,6.84070015,37.04560089,313,639.5,0.054739419,5144.549316,19.37976646,13.63000011,22.71773338,641.4000244,637.5999756
107,64857,Los Angeles,Palmdale Elementary,KK-08,19402,846.3800049,20.52370071,51.24209976,1182,639.75,0.060921554,4906.22998,22.9235096,14.12766743,18.43624496,641.7000122,637.7999878
108,61507,Butte,Oroville City Elementary,KK-08,3401,175.5500031,52.21989822,74.27230072,560,639.7999878,0.164657459,5489.588867,19.37339783,11.26612473,16.17171478,641.5,638.0999756
109,63792,Kern,Standard Elementary,KK-08,2621,136.8300018,25.82979965,64.09770203,397,639.8499756,0.151468903,5718.55127,19.15515518,13.39000034,2.02212882,641.4000244,638.2999878
110,72447,Ventura,Briggs Elementary,KK-08,426,20,3.990600109,64.78869629,87,639.9000244,0.204225346,4436.152832,21.29999924,11.93799973,9.62441349,634.2999878,645.5
111,62323,Fresno,Monroe Elementary,KK-08,205,11.19999981,18.53660011,80.9756012,24,640.0999756,0.117073171,4895.439453,18.3035717,8.258000374,41.46341324,643.5,636.7000122
112,64667,Los Angeles,Lancaster Elementary,KK-08,13668,648.4099731,28.1753006,56.29940033,1321,640.1500244,0.09664911,5159.21875,21.07925606,14.22672749,9.8990345,640.4000244,639.9000244
113,65177,Madera,Alview-Dairyland Union Elementary,KK-08,342,18.20000076,11.39599991,68.09120178,98,640.5,0.286549717,5490.654785,18.79120827,10.47200012,16.08187103,637.7000122,643.2999878
114,66589,Orange,Magnolia Elementary,KK-06,6518,332.1000061,12.27910042,71.02380371,499,640.75,0.076557226,5172.019531,19.62661743,14.24290085,43.4949379,638.5,643
115,71985,Tulare,Liberty Elementary,KK-08,239,12.19999981,15.61180019,69.62030029,30,640.9000244,0.125523016,4441.672852,19.59016418,14.06599998,8.786610603,644.9000244,636.9000244
116,69617,Santa Clara,Mt. Pleasant Elementary,KK-08,2911,139.4700012,11.92850018,52.9734993,281,641.0999756,0.0965304,5220.370117,20.87187195,15.96800041,39.02438736,640.4000244,641.7999878
117,63123,Imperial,El Centro Elementary,KK-08,6272,297.0400085,28.71999931,71.76239777,1338,641.4499512,0.213329077,5252.810547,21.11500168,10.26399994,53.89030457,639.2999878,643.5999756
118,68395,San Diego,South Bay Union Elementary,KK-06,10218,508.75,17.42020035,70.80639648,1435,641.4499512,0.140438437,5518.702148,20.08452034,10.6024704,41.13329315,638.5999756,644.2999878
119,69914,Shasta,Cascade Union Elementary,KK-08,1735,87.13999939,47.2621994,75.50430298,222,641.5499878,0.127953887,5609.487793,19.91048813,10.52299976,1.383285284,640.7999878,642.2999878
120,71969,Tulare,Kings River Union Elementary,KK-08,474,26.61000061,20.67510033,82.06749725,96,641.8000488,0.202531651,4945.031738,17.81285095,11.23799992,35.44303894,638.9000244,644.7000122
121,71548,Tehama,Gerber Union Elementary,KK-08,544,30,20.55050087,74.86239624,145,642.1999512,0.266544104,5223.025391,18.13333321,10.05599976,8.639705658,641.7999878,642.5999756
122,71910,Tulare,Exeter Union Elementary,KK-08,1987,103.3700027,15.28120041,54.65409851,283,642.2000122,0.142425761,4757.025391,19.22221184,11.18299961,15.34977436,637,647.4000244
123,62000,Fresno,American Union Elementary,KK-08,418,22.39999962,10.69649982,63.43280029,50,642.4000244,0.119617224,5522.161621,18.6607151,7.385000229,19.85645866,640.2000122,644.5999756
124,66167,Monterey,San Antonio Union Elementary,KK-08,196,10,19.68910027,47.15029907,40,642.75,0.20408164,6087.608887,19.60000038,13.57900047,3.061224461,652.5999756,632.9000244
125,71837,Tulare,Burton Elementary,KK-08,2208,114.5,14.41399956,53.21060181,92,643.0499878,0.041666668,4960.515625,19.28384209,9.630000114,9.873188019,642,644.0999756
126,67157,Riverside,Nuview Union Elementary,KK-08,1255,55,11.32219982,44.25970078,165,643.1999512,0.131474108,4880.040527,22.81818199,15.27400017,16.09561729,642.5999756,643.7999878
127,70615,Sonoma,Bellevue Union Elementary,KK-06,1469,78.09999847,20.96660042,80.25869751,65,643.25,0.044247787,6538.417969,18.80921936,14.03425026,43.49897766,639.4000244,647.0999756
128,64550,Los Angeles,Garvey Elementary,KK-08,7114,332.8399963,34.59420013,82.57219696,680,643.4000244,0.095586166,4925.659668,21.37363243,10.23966694,45.03795242,638.9000244,647.9000244
129,71498,Tehama,Corning Union Elementary,KK-08,1962,98,24.4151001,67.75180054,170,643.4000244,0.086646281,5204.6875,20.02040863,9.484999657,18.19571877,641.7000122,645.0999756
130,68916,San Mateo,Jefferson Elementary,KK-08,7761,361,6.49119997,44.47660065,658,643.5,0.084782891,4907.410645,21.49861526,15.0298748,15.48769474,644.2000122,642.7999878
131,70185,Siskiyou,Big Springs Union Elementary,KK-08,216,14,9.416999817,48.87889862,47,643.5,0.217592597,5923.45166,15.4285717,9.781000137,0.92592591,652.7000122,634.2999878
132,63487,Kern,General Shafter Elementary,KK-08,224,10,7.14289999,58.03570175,31,643.6999512,0.138392851,4741.957031,22.39999962,13.19200039,7.589285851,633.5999756,653.7999878
133,71308,Stanislaus,Turlock Joint Elementary,KK-08,7887,391.8599854,16.40239906,57.07220078,1004,643.7000122,0.127298087,4954.019531,20.12708664,12.2159996,29.08583832,645.7000122,641.7000122
134,72421,Tuolumne,Twain Harte-Long Barn Union Elementary,KK-08,752,39.5,11.71049976,34.07889938,0,644.1999512,0,5500.10791,19.03797531,14.07600021,0.132978722,652.2999878,636.0999756
135,69005,San Mateo,Redwood City Elementary,KK-08,9328,537.8800049,7.487500191,39.03680038,1719,644.2000122,0.184283882,5360.51709,17.34215736,25.4873333,50.85763168,644.5,643.9000244
136,61846,El Dorado,Camino Union Elementary,KK-08,548,32.20000076,7.664199829,31.38689995,35,644.4000244,0.063868612,5685.63916,17.01863289,14.86699963,11.49635029,652.0999756,636.7000122
137,65813,Merced,Plainsburg Union Elementary,KK-08,104,5,32.38100052,49.5237999,19,644.4500122,0.182692304,5594.196289,20.79999924,9.972000122,13.46153927,649.5,639.4000244
138,68486,San Joaquin,Banta Elementary,KK-08,275,13,12.72729969,45.81819916,4,644.4500122,0.014545455,4692.566895,21.15384674,14.57800007,4.727272511,643.2000122,645.7000122
139,62513,Fresno,Washington Colony Elementary,KK-08,443,24,14.22119999,69.97740173,52,644.5,0.117381491,5085.40625,18.45833397,7.385000229,21.44469452,644.2999878,644.7000122
140,67405,Sacramento,Rio Linda Union Elementary,KK-06,10337,540.0499878,37.22689819,58.54539871,1268,644.5499878,0.12266615,5456.197266,19.14082146,12.34300041,12.35368061,646,643.0999756
141,71050,Stanislaus,Chatom Union Elementary,KK-08,806,41.52999878,7.178800106,56.67509842,36,644.6999512,0.044665013,5105.179688,19.40765762,12.43133259,30.14888382,645.2999878,644.0999756
142,73726,Merced,Merced River Union Elementary,KK-08,227,11.60000038,18.06170082,59.03079987,25,644.9500122,0.110132158,5519.677246,19.568964,14.90600014,15.85902977,649.7000122,640.2000122
143,72462,Ventura,Hueneme Elementary,KK-08,8416,391.4200134,12.39900017,71.91210175,1333,645.0999756,0.158388779,5065.911133,21.50119972,12.66989994,43.75,642.9000244,647.2999878
144,62737,Humboldt,Cuddeback Union Elementary,KK-08,149,8.5,19.46310043,59.0603981,30,645.25,0.201342285,5182.428223,17.52941132,10.33300018,0,656.7999878,633.7000122
145,62703,Humboldt,Blue Lake Union Elementary,KK-08,220,13.39000034,19.1303997,52.1739006,48,645.5499878,0.218181819,5960.464355,16.43017197,11.97200012,0,658,633.0999756
146,68205,San Diego,Lemon Grove Elementary,KK-08,4612,232.9700012,17.47610092,65.91500092,601,645.5500488,0.130312234,5124.836426,19.79653931,12.82699966,16.65221214,647.7000122,643.4000244
147,64063,Lake,Upper Lake Union Elementary,KK-08,590,34.33000183,37.4367981,70.65769958,71,645.5999756,0.120338984,5655.133301,17.18613434,10.03999996,3.22033906,644.7999878,646.4000244
148,62984,Humboldt,Peninsula Union Elementary,KK-08,133,7.550000191,25,72.14289856,25,645.75,0.187969923,5811.689941,17.61589432,13.33500004,0,644.2999878,647.2000122
149,72512,Ventura,Ocean View Elementary,KK-08,2440,121.2399979,7.275899887,47.0298996,116,645.75,0.047540985,5467.673828,20.12537193,9.854000092,48.52458954,645.5,646
150,71647,Tehama,Reeds Creek Elementary,KK-08,133,6,11.19400024,35.82089996,0,646,0,5213.089355,22.16666603,11.42599964,0.751879692,652.5,639.5
151,67280,Sacramento,Arcohe Union Elementary,KK-08,519,26,16.76300049,37.95759964,65,646.2000122,0.125240847,4613.1875,19.96153831,15.13099957,1.92678237,650.9000244,641.5
152,68627,San Joaquin,New Jerusalem Elementary,KK-08,222,11.65999985,7.589300156,40.625,30,646.3499756,0.135135129,4886.983887,19.0394516,14.57800007,13.51351261,643,649.7000122
153,70243,Siskiyou,Dunsmuir Elementary,KK-08,285,18.71999931,26.64229965,76.27739716,36,646.4000244,0.126315787,6455.136719,15.22435951,10.26799965,0,641.5999756,651.2000122
154,71282,Stanislaus,Stanislaus Union Elementary,KK-08,3129,147.9799957,26.16760063,55.7901001,471,646.5,0.150527328,5125.433105,21.1447506,15.59285736,16.71460533,647.7999878,645.2000122
155,62240,Fresno,Kingsburg Joint Union Elementary,KK-08,2019,102.7799988,10.25259972,40.5646019,167,646.5499878,0.082714215,5193.692383,19.64389992,11.23799992,5.943536282,649.0999756,644
156,66456,Orange,Buena Park Elementary,KK-08,5620,267,10.30949974,55.09389877,316,646.7000122,0.056227759,5002.838867,21.04868889,15.05137539,36.17437744,644,649.4000244
157,66746,Orange,Westminster Elementary,KK-08,9775,484.5,13.04300022,62.50389862,1218,646.9000244,0.124603577,5337.625488,20.17543793,15.41317654,44.97186661,645.5999756,648.2000122
158,63933,Kings,Island Union Elementary,KK-08,246,11.5,9.756099701,43.90240097,38,646.9499512,0.154471546,5161.202148,21.39130402,11.08100033,16.66666794,647.7999878,646.0999756
159,72231,Tulare,Tulare City Elementary,KK-08,7210,360.3500061,26.62680054,68.85790253,800,647.0499878,0.110957004,5158.791992,20.00832558,10.09799957,15.18723965,642.5,651.5999756
160,68023,San Diego,Chula Vista Elementary,KK-06,21338,1051.579956,13.22719955,45.99499893,2889,647.25,0.135392264,5123.474121,20.2913723,14.29829979,34.33779907,645,649.5
161,69880,Shasta,Black Butte Union Elementary,KK-08,477,27,25.36689949,59.53879929,27,647.2999878,0.056603774,5782.543945,17.66666603,11.80300045,0,650.7999878,643.7999878
162,65763,Merced,McSwain Union Elementary,KK-08,727,39.90000153,10.17879963,32.18709946,50,647.5999756,0.068775788,4842.60791,18.22055054,9.972000122,13.06739998,649.4000244,645.7999878
163,71381,Sutter,Franklin Elementary,KK-08,374,18.45000076,6.684500217,7.486599922,46,647.5999756,0.122994654,4219.40625,20.27100182,15.4090004,4.278074741,651.5999756,643.5999756
164,68098,San Diego,Escondido Union Elementary,KK-08,18255,903.7600098,11.22169971,58.53310013,2001,648,0.109613806,5081.169922,20.198946,15.2937994,39.5946312,645,651
165,64485,Los Angeles,East Whittier City Elementary,KK-08,8787,410.9100037,10.02270031,32.48300171,1058,648.2000122,0.120405145,5144.993652,21.38424492,15.53292847,21.66837311,648,648.4000244
166,73544,Kern,Rio Bravo-Greeley Union Elementary,KK-08,797,38,7.026299953,35.75910187,60,648.25,0.075282305,4674.298828,20.97368431,16.29299927,3.262233257,648.7999878,647.7000122
167,71407,Sutter,Marcum-Illinois Union Elementary,KK-08,140,7,3.571399927,39.28570175,40,648.3499756,0.285714298,4830.326172,20,12.875,7.857142925,651.5999756,645.0999756
168,68437,San Diego,Vallecitos Elementary,KK-08,235,13.69999981,6.808499813,67.23400116,51,648.7000122,0.217021272,5621.687988,17.15328407,16.62299919,39.57446671,643.4000244,654
169,67918,San Bernardino,Victor Elementary,KK-06,8294,371.1000061,23.19750023,51.56740189,1295,648.9499512,0.15613696,4948.868164,22.3497715,12.54988289,10.12780285,645.0999756,652.7999878
170,66696,Orange,Savanna Elementary,KK-06,2409,108.6600037,8.151499748,52.12020111,354,649.1500244,0.146948949,5100.975586,22.17007065,14.25857162,27.52179146,646,652.2999878
171,71001,Sonoma,West Side Union Elementary,KK-06,150,8.25,3.225800037,23.22579956,16,649.3000488,0.106666669,5132.788574,18.18181801,18.32600021,14,655.2000122,643.4000244
172,69971,Shasta,Enterprise Elementary,KK-08,3981,210,41.77339935,51.77090073,606,649.5,0.152223065,5358.51709,18.95714378,12.74914265,8.842000008,649.7999878,649.2000122
173,71621,Tehama,Red Bluff Union Elementary,KK-08,2326,117.8000031,17.97509956,52.25230026,345,649.6999512,0.148323298,5149.186523,19.74533081,11.42599964,6.405846596,651.2999878,648.0999756
174,72363,Tuolumne,Jamestown Elementary,KK-08,501,30.5,20.63489914,54.76190186,163,649.8499756,0.325349301,5373.206543,16.42622948,8.829999924,2.395209789,652.5999756,647.0999756
175,70482,Siskiyou,Weed Union Elementary,KK-08,470,28.27000046,31.33049965,89.69960022,48,650.4499512,0.102127656,6485.166016,16.62539673,11.17599964,5.957447052,655.0999756,645.7999878
176,63032,Humboldt,South Bay Union Elementary,KK-06,575,35.09999847,26.43479919,59.13040161,59,650.5499878,0.102608696,5504.025391,16.38176727,14.22799969,8.173913002,654.5999756,646.5
177,61655,Contra Costa,Brentwood Union Elementary,KK-08,3519,175.3000031,5.54129982,29.78120041,789,650.5999756,0.224211425,5105.734375,20.07415771,15.02700043,15.45893669,655.4000244,645.7999878
178,72405,Tuolumne,Summerville Elementary,KK-08,474,26.34000015,21.9958992,54.9897995,61,650.6500244,0.128691986,5634.730957,17.99544334,10.52099991,0,653.5999756,647.7000122
179,66860,Placer,Ophir Elementary,KK-08,223,11.5,1.754400015,17.54389954,60,650.9000244,0.269058287,4980.294434,19.39130402,18.62599945,0,651.7999878,650
180,70821,Sonoma,Montgomery Elementary,KK-08,92,5.599999905,13.54170036,0,22,650.9000244,0.239130437,6113.859863,16.4285717,22.52899933,0,656.0999756,645.7000122
181,70912,Sonoma,Santa Rosa Elementary,KK-06,4971,297.1400146,14.70940018,55.10079956,500,651.1500244,0.100583382,5850,16.72948647,18.29838943,31.82458305,653.2999878,649
182,71266,Stanislaus,Salida Union Elementary,KK-08,2617,107.1949997,8.368200302,32.36970139,226,651.2000122,0.086358428,4547.944824,24.41345215,11.88574982,12.80091667,651.7000122,650.7000122
183,70128,Shasta,Shasta Union Elementary,KK-08,242,13.25,28.0991993,51.6529007,32,651.3499756,0.132231399,5011.840332,18.26415062,9.925999641,0,654.4000244,648.2999878
184,62802,Humboldt,Fortuna Union Elementary,KK-08,780,41.15000153,16.5394001,50.76340103,75,651.4000244,0.096153848,5261.370605,18.95504189,14.19699955,3.846153975,662,640.7999878
185,72090,Tulare,Rockford  Elementary,KK-08,324,15.39999962,13.0031004,58.20429993,50,651.4500122,0.154320985,4276.115234,21.03896141,9.630000114,2.469135761,647,655.9000244
186,62638,Glenn,Plaza Elementary,KK-08,140,6.75,7.85710001,45.71429825,25,651.8000488,0.178571433,4566.27002,20.74073982,10.63899994,10.71428585,654.2000122,649.4000244
187,70813,Sonoma,Monte Rio Union Elementary,KK-08,181,10,25.4144001,66.85079956,26,651.8499756,0.143646404,6049.495117,18.10000038,14.47500038,0,651.9000244,651.7999878
188,64105,Lassen,Janesville Union Elementary,KK-08,516,26,9.259300232,24.81480026,65,651.9000244,0.125968993,4974.28125,19.84615326,13.46700001,1.937984467,656.2999878,647.5
189,63172,Imperial,Magnolia Union Elementary,KK-08,108,5,3.669699907,32.11009979,25,652,0.231481478,4432.478027,21.60000038,9.664999962,4.629629612,648.2000122,655.7999878
190,64188,Lassen,Shaffer Union Elementary,KK-08,419,18.67000008,13.95349979,50,58,652.0999756,0.138424814,4924.619141,22.44242096,12.70800018,5.250596523,656.4000244,647.7999878
191,66506,Orange,Fullerton Elementary,KK-08,12567,546.0499878,7.623099804,40.3995018,1099,652.0999756,0.087451264,4603.659668,23.01437569,17.82299995,27.54038239,651.5999756,652.5999756
192,70649,Sonoma,Cinnabar Elementary,KK-06,287,16.17000008,3.793100119,31.03450012,65,652.2999878,0.226480842,5973.925293,17.74891853,17.15600014,14.98257828,655.0999756,649.5
193,69278,Santa Barbara,Santa Barbara Elementary,KK-08,6201,339.1000061,7.179599762,47.70249939,634,652.3000488,0.102241576,5215.943848,18.28664017,19.58963585,47.87937546,650.9000244,653.7000122
194,63016,Humboldt,Rohnerville Elementary,KK-08,577,29.95000076,20.33609962,46.05039978,134,652.3499756,0.2322357,4882.236816,19.26544189,14.19699955,0,657.2000122,647.5
195,71431,Sutter,Pleasant Grove Joint Union Elementary,KK-08,170,7.5,10.58819962,32.35290146,41,652.4000244,0.241176471,4145.835938,22.66666603,11.9119997,1.764706016,660.2999878,644.5
196,73700,Shasta,Mountain Union Elementary,KK-08,164,8.5,33.53659821,65.85369873,36,652.4000244,0.219512194,7542.038086,19.29411697,13.38599968,0,655.2000122,649.5999756
197,63784,Kern,South Fork Union Elementary,KK-08,382,22,29.23830032,59.21379852,75,652.5,0.196335077,5247.018066,17.36363602,11.5539999,0,653.0999756,651.9000244
198,68155,San Diego,Jamul-Dulzura Union Elementary,KK-08,1221,61.59999847,4.34070015,25.3071003,250,652.8499756,0.20475021,5169.814941,19.8214283,19.02599907,7.289107323,656.7999878,648.9000244
199,69765,Santa Cruz,Live Oak Elementary,KK-08,2214,108.3499985,12.8725996,36.44990158,213,653.0999756,0.096205965,5951.005859,20.43377876,16.40699959,17.02800369,656.0999756,650.0999756
200,67116,Riverside,Menifee Union Elementary,KK-08,4523,215,5.751900196,29.19869995,409,653.4000244,0.090426706,4746.572266,21.03720856,14.05799961,10.43555164,653.7000122,653.0999756
201,63552,Kern,Lakeside Union Elementary,KK-08,793,39.79999924,4.413599968,30.76919937,49,653.5,0.061790667,4944.092285,19.92462349,19.06800079,2.269861221,652.4000244,654.5999756
202,69724,Santa Clara,Whisman Elementary,KK-08,1678,88.26999664,5.482699871,38.20019913,254,653.5499878,0.151370674,6306.487305,19.00985718,20.77000046,28.24791336,655.5999756,651.5
203,63180,Imperial,McCabe Union Elementary,KK-08,536,22.5,5.597000122,28.17160034,35,653.5500488,0.065298505,4260.306641,23.82222176,10.26399994,8.768656731,653.4000244,653.7000122
204,68551,San Joaquin,Lammersville Elementary,KK-08,307,15.85000038,5.537499905,28.66449928,36,653.6999512,0.117263846,4718.163086,19.36908531,14.57800007,7.491856575,654.0999756,653.2999878
205,71563,Tehama,Lassen View Union Elementary,KK-08,347,17.5,18.44379997,53.60229874,56,653.7999878,0.161383286,4751.299805,19.82857132,10.20199966,9.798271179,655.5,652.0999756
206,62927,Humboldt,Loleta Union Elementary,KK-08,168,11.01000023,29.16670036,63.69049835,30,653.8499756,0.178571433,5653.453613,15.25885487,12.50199986,12.5,655.9000244,651.7999878
207,70045,Shasta,Junction Elementary,KK-08,532,31,10.50660038,29.64349937,81,653.9499512,0.152255639,5920.253418,17.16129112,13.90600014,0,656.5999756,651.2999878
208,64931,Los Angeles,Rosemead Elementary,KK-08,3272,150,24.02199936,76.77259827,374,654.0999756,0.114303179,4825.59082,21.81333351,9.986000061,31.20415497,651.4000244,656.7999878
209,66332,Nevada,Grass Valley Elementary,KK-08,2045,107.2099991,12.12709999,40.92910004,268,654.1999512,0.131051347,5532.582031,19.07471275,13.71199989,1.369193196,657.7999878,650.5999756
210,71829,Tulare,Buena Vista Elementary,KK-08,156,6.050000191,10.42940044,47.85279846,7,654.1999512,0.044871796,3926.06958,25.78512383,10.09799957,9.615385056,659.7999878,648.5999756
211,63545,Kern,Kernville Union Elementary,KK-08,1129,61.99000168,34.1894989,62.26750183,164,654.2999878,0.145261288,5805.636719,18.21261406,11.29100037,0,655.0999756,653.5
212,67348,Sacramento,Galt Joint Union Elementary,KK-08,3669,201.9700012,11.35890007,41.05459976,500,654.5999756,0.136276916,4899.239746,18.16606331,13.22500038,24.25728989,652.7000122,656.5
213,67553,San Benito,Southside Elementary,KK-08,157,9.25,1.898699999,10.12660027,19,654.8499756,0.12101911,4884.862305,16.97297287,13.63000011,9.554140091,654.2000122,655.5
214,68189,San Diego,Lakeside Union Elementary,KK-08,4928,229.1999969,8.541999817,25.88850021,618,654.8499756,0.125405848,5139.9375,21.50087357,14.62300014,5.92532444,653.5,656.2000122
215,71423,Sutter,Nuestro Elementary,KK-08,103,5,5.825200081,23.3010006,13,654.9000244,0.126213595,5249.364746,20.60000038,8.776000023,0.970873773,662.2000122,647.5999756
216,61994,Fresno,Alvina Elementary,KK-08,175,10.30000019,14.85709953,70.28569794,17,655.0499878,0.09714286,5399.070313,16.9902916,10.3380003,18.2857132,650,660.0999756
217,61762,Contra Costa,Oakley Union Elementary,KK-08,4153,199.8600006,7.526899815,23.4409008,241,655.0500488,0.058030341,4965.290039,20.77954483,16.32299995,4.984348774,657.4000244,652.7000122
218,70268,Siskiyou,Etna Union Elementary,KK-06,280,18.04999924,8.695699692,56.52170181,67,655.0500488,0.239285707,6210.323242,15.51246643,10.65633297,4.285714626,660.4000244,649.7000122
219,68544,San Joaquin,Jefferson Elementary,KK-08,865,43.5,3.084199905,12.57409954,96,655.1999512,0.110982656,4797.503418,19.88505745,14.57800007,3.352601051,660.7999878,649.5999756
220,69377,Santa Clara,Berryessa Union Elementary,KK-08,8735,408.2000122,7.496600151,21.34339905,1120,655.3000488,0.128219798,5397.161621,21.39882278,18.63059998,32.70749664,655.4000244,655.2000122
221,63958,Kings,Kit Carson Union Elementary,KK-08,412,20.10000038,8.73789978,60.92229843,72,655.3499756,0.174757287,5078.5,20.49751282,11.11600018,9.46601963,653,657.7000122
222,71290,Stanislaus,Sylvan Union Elementary,KK-08,6373,329.1199951,12.67850018,36.88999939,624,655.3499756,0.097913072,4733.746582,19.36375809,14.59766674,6.260787487,657.5999756,653.0999756
223,68635,San Joaquin,Oak View Union Elementary,KK-08,332,18.79999924,9.036100388,34.03609848,73,655.4000244,0.219879523,4963.060059,17.65957451,15.49300003,13.25301266,653.2000122,657.5999756
224,66787,Placer,Auburn Union Elementary,KK-08,2903,138.1199951,11.12639999,34.44710159,192,655.5499878,0.066138476,5431.177246,21.01795578,16.27199936,3.169135332,662,649.0999756
225,67504,San Benito,North County Joint Union Elementary,KK-08,565,29.64999962,6.725699902,36.6371994,60,655.6999512,0.10619469,5382.088867,19.0556488,13.63000011,16.9911499,651.5999756,659.7999878
226,61945,El Dorado,Pioneer Union Elementary,KK-08,586,26,7.508500099,37.88399887,78,655.7999878,0.1331058,5724.441895,22.53846169,12.39400005,0.853242338,662,649.5999756
227,67645,San Bernardino,Central Elementary,KK-08,5068,240.1000061,7.063899994,34.2344017,626,655.8499756,0.123520128,4843.427246,21.10787201,15.33100033,6.649565697,655.9000244,655.7999878
228,70094,Shasta,Pacheco Union Elementary,KK-08,859,42.84000015,16.4144001,40.1629982,118,656.4000244,0.137369037,5730.349121,20.05135345,12.66600037,0.116414435,654.0999756,658.7000122
229,66316,Nevada,Chicago Park Elementary,KK-08,145,10.21000004,8.275899887,20,20,656.5,0.137931034,5635.786133,14.20176315,13.71199989,0,657.7999878,655.2000122
230,68874,San Mateo,Brisbane Elementary,KK-08,649,35.125,3.852099895,19.5685997,155,656.5500488,0.238828972,5671.657227,18.47686768,17.78033447,6.933744431,658.7000122,654.4000244
231,63883,Kings,Central Union Elementary,KK-08,1789,96,2.962500095,56.00889969,435,656.6500244,0.243152604,7070.633301,18.63541603,10.55666733,9.558412552,655.4000244,657.9000244
232,70011,Shasta,Happy Valley Union Elementary,KK-08,775,37,24.90320015,61.41939926,50,656.7000122,0.064516127,5097.343262,20.94594574,10.52299976,0.90322578,661.5,651.9000244
233,61572,Calaveras,Mark Twain Union Elementary,KK-08,777,36.84999847,12.98869991,39.84870148,148,656.8000488,0.190476194,5482.677246,21.08548164,13.24300003,1.158301115,663.4000244,650.2000122
234,65458,Marin,San Rafael City Elementary,KK-08,3518,188.1999969,9.770799637,49.42689896,419,656.8000488,0.119101763,5642.832031,18.69288063,22.47299957,40.10801697,656.7000122,656.9000244
235,67991,San Diego,Cajon Valley Union Elementary,KK-08,19294,924.5700073,18.93190002,50.97079849,2401,657,0.124442831,5280.023438,20.86807823,15.68465424,16.66321182,657.5999756,656.4000244
236,69393,Santa Clara,Campbell Union Elementary,KK-08,7661,386.4200134,7.805799961,32.13679886,1158,657,0.151155204,5433.339844,19.82557678,23.48374939,21.95535851,657.2999878,656.7000122
237,71365,Sutter,Browns Elementary,KK-08,158,8,6.329100132,25.31649971,34,657.1500244,0.215189874,4529.283691,19.75,11.64900017,8.860759735,661,653.2999878
238,66324,Nevada,Clear Creek Elementary,KK-08,117,6,8.403400421,36.1344986,42,657.4000244,0.358974367,6039.98584,19.5,16.3560009,0.854700923,664.9000244,649.9000244
239,63057,Humboldt,Trinidad Union Elementary,KK-08,160,8.699999809,16.09199905,36.78160095,37,657.5,0.231250003,6168.229492,18.39080429,14.07400036,0,672.7999878,642.2000122
240,70722,Sonoma,Guerneville Elementary,KK-08,511,27.20000076,27.48539925,51.85189819,30,657.5500488,0.058708414,5774.970215,18.78676414,13.43700027,3.913894176,664.2000122,650.9000244
241,69013,San Mateo,San Bruno Park Elementary,KK-08,2770,140.1100006,3.610100031,25.55960083,296,657.6500244,0.106859207,4806.761719,19.77017975,18.33799934,11.94945908,659.7000122,655.5999756
242,71472,Tehama,Antelope Elementary,KK-08,551,28.5,15.2343998,51.5625,46,657.75,0.083484575,4840.936035,19.33333397,11.42599964,3.992740393,660.2000122,655.2999878
243,66472,Orange,Centralia Elementary,KK-06,5205,242.5,8.318900108,37.29109955,474,657.7999878,0.091066286,4954.466309,21.46391678,15.74991703,22.93948174,655.0999756,660.5
244,67702,San Bernardino,Etiwanda Elementary,KK-08,6437,278.8399963,2.516700029,17.1508007,622,657.9000244,0.096628867,4023.531738,23.08492279,15.77900028,2.485630035,658.5,657.2999878
245,65169,Los Angeles,Wiseburn Elementary,KK-08,1712,81.27999878,5.373799801,32.65190125,122,658,0.071261682,5179.411133,21.0629921,14.06200027,9.871495247,657,659
246,63024,Humboldt,Scotia Union Elementary,KK-08,370,19.79999924,6.504099846,36.31439972,56,658.3499756,0.151351348,4385.229492,18.68686867,12.17399979,0.540540576,664,652.7000122
247,67785,San Bernardino,Mountain View Elementary,KK-08,3182,153.1999969,3.530499935,26.94330025,328,658.5999756,0.103079826,4777.512695,20.77023506,12.89999962,8.95663166,654.7000122,662.5
248,68791,San Luis Obispo,Pleasant Valley Joint Union Elementary,KK-06,139,7.199999809,0.719399989,29.49640083,32,658.7999878,0.230215833,4862.790527,19.30555534,10.97099972,6.47481966,661.2999878,656.2999878
249,69625,Santa Clara,Oak Grove Elementary,KK-08,11855,588.8400269,9.015800476,32.76549911,1507,659.0500488,0.127119362,5486.029785,20.13280296,17.43519974,20.72543144,654.9000244,663.2000122
250,61960,El Dorado,Pollock Pines Elementary,KK-08,1068,51.66999817,12.82769966,36.79779816,129,659.1500244,0.120786518,5486.382324,20.66963577,14.76000023,0.187265918,662.0999756,656.2000122
251,64345,Los Angeles,Castaic Union Elementary,KK-08,2295,103,4.039500237,31.3708992,224,659.3499756,0.097603485,4631.243652,22.28155327,14.60299969,13.98692894,658.2999878,660.4000244
252,63255,Inyo,Bishop Union Elementary,KK-08,1510,73.30000305,10.25979996,37.10860062,141,659.4000244,0.093377486,5189.62793,20.60027122,13.52233315,8.741721153,662.7999878,656
253,69138,Santa Barbara,Buellton Union Elementary,KK-08,579,27.79999924,1.5,31.5,60,659.4000244,0.103626944,4600.606445,20.82733917,16.66900063,20.03454208,660,658.7999878
254,75135,Madera,Chawanakee Jt. Elementary,KK-08,1012,52.63999939,10.4847002,33.63010025,140,659.7999878,0.138339922,6735.775391,19.22492409,13.52225018,1.383399248,660.7999878,658.7999878
255,70508,Siskiyou,Yreka Union Elementary,KK-08,1212,68.65000153,18.29719925,47.12469864,107,659.9000244,0.088283829,5475.172852,17.6547699,12.51799965,2.062706232,660.4000244,659.4000244
256,70599,Sonoma,Alexander Valley Union Elementary,KK-06,119,7,4,33.59999847,23,660.0500488,0.193277314,5990.794434,17,18.32600021,28.57143021,661.7000122,658.4000244
257,66415,Nevada,Twin Ridges Elementary,KK-08,590,35.76250076,7.796599865,30.6779995,78,660.0999756,0.132203385,7203.246582,16.49772835,11.4659996,0.169491529,673.0999756,647.0999756
258,72173,Tulare,Sundale Union Elementary,KK-08,546,27.60000038,13.91940022,54.76190186,60,660.1999512,0.109890111,4777.769043,19.78260803,10.09799957,13.73626423,659.7999878,660.5999756
259,72207,Tulare,Three Rivers Union Elementary,KK-08,248,11.11999989,7.46269989,21.26869965,51,660.2999878,0.205645159,4302.834961,22.30215836,15.36499977,0,667.7999878,652.7999878
260,72348,Tuolumne,Columbia Union Elementary,KK-08,461,26,14.4708004,48.81209946,150,660.75,0.32537961,5630.194824,17.73077011,10.3113327,0.21691975,666.9000244,654.5999756
261,65102,Los Angeles,Westside Union Elementary,KK-08,6312,308.6799927,9.837900162,22.69300079,496,660.9499512,0.078580484,4708.625,20.44836044,16.98662567,3.121039391,662.0999756,659.7999878
262,65649,Merced,Ballico-Cressey Elementary,KK-08,285,13.98999977,7.241399765,66.20690155,62,661.3499756,0.217543855,5629.961426,20.37169456,9.612000465,47.36842346,661.0999756,661.5999756
263,68973,San Mateo,Millbrae Elementary,KK-08,2325,115.3000031,2.881700039,15.6559,302,661.4500122,0.129892468,4890.986816,20.16478729,21.11050034,22.70967865,662,660.9000244
264,69435,Santa Clara,Evergreen Elementary,KK-08,11885,549.8400269,10.19769955,30.44169998,1790,661.5999756,0.150610015,4929.393066,21.61537743,16.47331238,29.12074089,659.0999756,664.0999756
265,70730,Sonoma,Harmony Union Elementary,KK-08,564,27.43000031,6.89659977,21.37929916,46,661.5999756,0.081560284,4905.221191,20.56142807,18.36899948,4.43262434,672.4000244,650.7999878
266,63362,Kern,Panama Buena Vista Union Elementary,KK-08,12380,620.3800049,12.29520035,31.01889992,1671,661.8499756,0.134975761,5156.856934,19.95551109,16.65411186,4.814216614,660.0999756,663.5999756
267,68932,San Mateo,Laguna Salada Union Elementary,KK-08,3772,178.0599976,3.371999979,18.38780022,529,661.8499756,0.140243903,4941.787598,21.18387032,18.54422188,5.249204636,665.4000244,658.2999878
268,72371,Tuolumne,Sonora Elementary,KK-08,895,47.58000183,17.55319977,42.44680023,70,661.8499756,0.078212291,5408.781738,18.8104229,14.18000031,1.899441361,662.7000122,661
269,66910,Placer,Roseville City Elementary,KK-08,5714,277.6700134,10.53429985,30.06909943,489,661.9000244,0.085579276,4981.387695,20.57838249,18.02955437,8.66293335,664.2999878,659.5
270,71084,Stanislaus,Gratton Elementary,KK-08,105,5.730000019,0,0,16,661.9000244,0.152380958,4877.086426,18.32460785,13.58600044,10.47619057,662.5,661.2999878
271,64196,Lassen,Susanville Elementary,KK-08,1449,76.98999786,16.5279007,42.60089874,125,661.9500122,0.086266391,5111.739258,18.82062721,12.64000034,1.242236018,660.4000244,663.5
272,69872,Shasta,Bella Vista Elementary,KK-08,510,24.5,20.39220047,45.88240051,95,662.4000244,0.186274514,5201.515625,20.81632614,11.10299969,0,663.0999756,661.7000122
273,71852,Tulare,Columbine Elementary,KK-08,160,8,11.25,56.875,39,662.4000244,0.243750006,4138.305664,20,7.5,9.375,651.4000244,673.4000244
274,64626,Los Angeles,Hughes-Elizabeth Lakes Union Elementary,KK-08,433,22,9.336099625,25.10370064,50,662.4500122,0.115473442,5743.597168,19.68181801,15.50599957,1.385681391,665.4000244,659.5
275,69591,Santa Clara,Mountain View Elementary,KK-08,3186,164.3099976,5.45389986,44.39070129,411,662.5,0.129001886,5702.705078,19.39017677,22.84140015,35.34212112,663.5,661.5
276,65045,Los Angeles,Sulphur Springs Union Elementary,KK-06,5010,239.3999939,5.298900127,27.35449982,576,662.5500488,0.114970058,4802.152832,20.92731857,19.82312584,9.64071846,661.7000122,663.4000244
277,70680,Sonoma,Forestville Union Elementary,KK-08,717,35.95000076,8.888899803,24.72220039,100,662.5500488,0.139470011,5442.143066,19.94436646,16.34700012,2.231520176,669.4000244,655.7000122
278,63750,Kern,Rosedale Union Elementary,KK-08,3548,170.6499939,3.25999999,14.8508997,335,662.6500244,0.09441939,4522.375488,20.79109383,16.29299927,0.36640361,658.2999878,667
279,69948,Shasta,Columbia Elementary,KK-08,868,45.20000076,16.58989906,29.83869934,78,662.7000122,0.089861751,4965.808105,19.20353889,13.24800014,0.57603687,662.4000244,663
280,66795,Placer,Colfax Elementary,KK-08,507,26.64999962,13.20390034,37.08739853,60,662.75,0.118343197,5358.326172,19.02439117,14.01000023,0,667.0999756,658.4000244
281,70425,Siskiyou,Mt. Shasta Union Elementary,KK-08,822,46.65000153,8.073800087,25.60549927,105,662.9000244,0.127737224,5784.625,17.62057877,14.16300011,0.851581514,668.2999878,657.5
282,70870,Sonoma,Piner-Olivet Union Elementary,KK-06,1792,88.55000305,3.125,20.92630005,143,663.3499756,0.079799108,5072.70459,20.23715401,15.77099991,5.524553776,667.4000244,659.2999878
283,65185,Madera,Bass Lake Joint Elementary,KK-08,1202,62.29999924,12.07689953,35.84619904,190,663.4499512,0.158069879,5556.041016,19.29373932,14.48333263,0,664.2999878,662.5999756
284,62745,Humboldt,Cutten Elementary,KK-06,515,27.35000038,16.11650085,26.21360016,58,663.5,0.11262136,5190.310059,18.82998085,14.20899963,0,660.2000122,666.7999878
285,61952,El Dorado,Placerville Union Elementary,KK-08,1354,66.56999969,12.0383997,36.48450089,263,663.8499756,0.194239289,5211.485352,20.3394928,15.16699982,2.437223196,666.4000244,661.2999878
286,71035,Sonoma,Wright Elementary,KK-06,1252,65.11000061,9.451199532,43.21649933,113,663.8499756,0.090255588,5284.164063,19.22899628,12.58425045,20.76677322,659.4000244,668.2999878
287,71522,Tehama,Evergreen Union Elementary,KK-08,823,46,13.85179996,55.28549957,127,663.9000244,0.15431349,5331.920898,17.89130402,10.55099964,2.187120438,657.7000122,670.0999756
288,70847,Sonoma,Old Adobe Union Elementary,KK-06,2231,114.3000031,2.916100025,13.36919975,258,664,0.115643211,5599.60791,19.51881027,16.95599937,13.62617588,666.2000122,661.7999878
289,71019,Sonoma,Wilmar Union Elementary,KK-06,271,14.19999981,4.467400074,25.42959976,81,664,0.298892975,4881.899414,19.08450699,17.70899963,13.28413296,668.7000122,659.2999878
290,66761,Placer,Ackerman Elementary,KK-08,309,15.5,4.207099915,32.68610001,85,664.1500244,0.275080919,4700.432129,19.93548393,16.27199936,1.941747546,671.2999878,657
291,69815,Santa Cruz,Santa Cruz City Elementary,KK-06,3005,159.2200012,8.619000435,33.81029892,308,664.1500244,0.102495842,5650,18.87325668,17.9008007,23.0615654,666.7000122,661.5999756
292,62679,Humboldt,Arcata Elementary,KK-08,966,47.95999908,20.95809937,47.30540085,114,664.2999878,0.118012421,5318.240723,20.14178467,11.83399963,0.621118009,674,654.5999756
293,67595,San Bernardino,Alta Loma Elementary,KK-08,7710,327.2999878,4.472199917,15.92990017,814,664.4000244,0.105577171,4709.054199,23.55637169,18.6201992,3.255512238,663.4000244,665.4000244
294,66837,Placer,Foresthill Union Elementary,KK-08,762,35.5,10.8107996,30.37319946,54,664.4499512,0.070866145,5143.19043,21.46478844,12.43099976,0,663.0999756,665.7999878
295,61929,El Dorado,Mother Lode Union Elementary,KK-08,1708,89,8.489500046,29.03980064,206,664.7000122,0.120608896,5133.009766,19.19101143,15.16699982,2.224824429,665.5,663.9000244
296,66613,Orange,Ocean View Elementary,KK-08,9850,489.2999878,3.335000038,30.64369965,1113,664.75,0.112994924,5081.455566,20.13080025,20.87574959,18.55837631,663.7000122,665.7999878
297,62596,Glenn,Lake Elementary,KK-08,129,5,9.302300453,50.38759995,10,664.9499512,0.07751938,4016.41626,25.79999924,10.63899994,6.201550484,667.5999756,662.2999878
298,69039,San Mateo,San Mateo-Foster City Elementary,KK-08,10619,565.5100098,2.538399935,28.37660027,1150,664.9500122,0.108296447,5374.050293,18.77774048,25.02961922,18.45748138,665.9000244,664
299,69195,Santa Barbara,Goleta Union Elementary,KK-06,4521,236.5800018,3.705199957,31.08279991,494,665.0999756,0.109267861,5427.548828,19.1098156,16.75780106,32.07255173,666.7999878,663.4000244
300,67736,San Bernardino,Helendale Elementary,KK-08,580,29.44000053,11.89659977,30.17239952,114,665.2000122,0.196551725,5179.644531,19.70108604,15.29699993,3.965517044,656.2000122,674.2000122
301,70854,Sonoma,Petaluma City Elementary,KK-06,2569,138,5.486400127,24.74710083,326,665.3499756,0.126897618,5400,18.615942,17.3694458,15.33670712,669.7999878,660.9000244
302,69690,Santa Clara,Sunnyvale Elementary,KK-08,6022,286.7999878,6.394999981,36.0007019,756,665.6500244,0.12553969,5726.146484,20.99721146,22.09600067,27.66522789,663.9000244,667.4000244
303,69179,Santa Barbara,College Elementary,KK-08,670,33.5,0.416099995,13.8696003,47,665.9000244,0.07014925,5003.870117,20,22.84199905,12.53731441,670.2999878,661.5
304,68197,San Diego,La Mesa-Spring Valley,KK-08,14708,700.9400024,13.53009987,45.72340012,1962,665.9500122,0.133396789,4969.51123,20.98325157,18.31987572,12.68017483,664.5,667.4000244
305,66530,Orange,Huntington Beach City Elementary,KK-08,6601,305,1.196799994,15.08860016,706,666,0.106953494,4747.295898,21.6426239,25.03000069,6.908044338,668,664
306,69336,Santa Barbara,Solvang Elementary,KK-08,675,33.70000076,0,31.8519001,87,666.0500488,0.12888889,4543.305176,20.02967262,21.95700073,14.96296215,668.7000122,663.4000244
307,69849,Santa Cruz,Soquel Elementary,KK-08,2458,124.0699997,6.018700123,24.60350037,193,666.0999756,0.078519121,5229.591309,19.81139755,18.79683304,11.26932526,666.9000244,665.2999878
308,62554,Glenn,Capay Joint Union Elementary,KK-08,144,8,4.166699886,44.44440079,14,666.1500244,0.097222224,4507.353027,18,10.63899994,9.722222328,671.9000244,660.4000244
309,70714,Sonoma,Gravenstein Union Elementary,KK-08,573,29.60000038,6.993000031,15.20979977,48,666.1500244,0.083769634,5302.62793,19.35810852,17.50799942,3.315881252,671,661.2999878
310,66381,Nevada,Pleasant Valley Elementary,KK-08,721,35.72999954,1.849400043,18.49410057,82,666.4499512,0.11373093,5545.610352,20.17912102,18.59300041,0.693481266,668.7999878,664.0999756
311,63990,Kings,Pioneer Union Elementary,KK-08,992,46.97000122,3.729799986,22.88310051,160,666.5500488,0.161290318,4615.908691,21.11986351,11.11600018,5.141129017,671.2000122,661.9000244
312,68361,San Diego,Santee Elementary,KK-08,8432,360.5,6.392300129,22.98390007,0,666.5999756,0,5397.689453,23.38973618,14.09766674,4.969165325,663.7000122,669.5
313,64113,Lassen,Johnstonville Elementary,KK-08,244,11,15.57380009,40.16389847,15,666.6500244,0.061475411,5118.373047,22.18181801,12.64000034,6.967213154,672.0999756,661.2000122
314,72553,Ventura,Pleasant Valley Elementary,KK-08,7116,356.8200073,2.598999977,13.27620029,785,666.6500244,0.110314786,5008.070801,19.94282722,20.93642807,7.99606514,667.5,665.7999878
315,72355,Tuolumne,Curtis Creek Elementary,KK-08,830,46.65999985,10.41189957,32.6086998,95,666.6999512,0.114457831,4906.030273,17.78825569,14.18000031,0.481927723,662.0999756,671.2999878
316,70300,Siskiyou,Fort Jones Union Elementary,KK-06,160,10.88000011,13.37580013,53.50320053,38,666.8499756,0.237499997,6870.346191,14.70588207,11.82600021,2.5,666.9000244,666.7999878
317,70805,Sonoma,Mark West Union Elementary,KK-06,1588,83.40000153,6.798500061,20.58099937,220,666.8499756,0.138539046,5301.716309,19.04076767,18.67099953,3.841310024,671.2999878,662.4000244
318,67967,San Diego,Alpine Union Elementary,KK-08,2272,108.75,4.049300194,16.06509972,307,667.1500244,0.135123238,5182.365723,20.89195442,17.33200073,1.32042253,667.7000122,666.5999756
319,70938,Sonoma,Sebastopol Union Elementary,KK-08,1425,71.83000183,5.092599869,19.8302002,65,667.1999512,0.045614034,4999.46875,19.8385067,17.50799942,4.91228056,669.7999878,664.5999756
320,62828,Humboldt,Freshwater Elementary,KK-06,245,12.55000019,8.979599953,13.06120014,30,667.4500122,0.122448981,6732.066406,19.52191162,15.57199955,0,672.2000122,662.7000122
321,63693,Kern,Norris Elementary,KK-08,1349,65.21250153,2.001499891,8.673100471,259,667.4500122,0.191994071,4612.989746,20.68621826,15.56725025,0.222386956,667,667.9000244
322,72132,Tulare,Springville Union Elementary,KK-08,400,22,13.80090046,29.86429977,65,667.5999756,0.162499994,5478.845703,18.18181801,15.75199986,0,669.2000122,666
323,69575,Santa Clara,Moreland Elementary,KK-08,4632,245.1799927,7.037000179,23.6420002,637,668,0.137521595,5666.713867,18.89224243,20.46999931,17.85405922,669.4000244,666.5999756
324,63610,Kern,Maple Elementary,KK-08,224,9,5.35710001,35.26789856,15,668.0999756,0.066964284,4742.51416,24.88888931,9.708999634,4.464285851,660.5,675.7000122
325,63941,Kings,Kings River-Hardwick Union Elementary,KK-08,576,31,3.993099928,28.125,92,668.4000244,0.159722224,4907.392578,18.58064461,11.11600018,9.548611641,665.7999878,671
326,68163,San Diego,Julian Union Elementary,KK-08,451,25,8.647500038,11.7517004,75,668.5999756,0.166297123,5700.402344,18.04000092,16.32099915,3.991130829,672.7000122,664.5
327,68007,San Diego,Cardiff Elementary,KK-06,900,50.75,2.101799965,24.3362999,145,668.6500244,0.161111116,5191.834473,17.73398972,21.96699905,20.66666603,668.7999878,668.5
328,72108,Tulare,Saucelito Elementary,KK-08,118,5.5,8.333299637,51.66669846,10,668.7999878,0.084745765,4451.256836,21.45454597,8.934000015,7.627118587,668.5,669.0999756
329,67975,San Diego,Bonsall Union Elementary,KK-08,1457,73.12999725,5.982299805,42.9640007,0,668.9000244,0,5627.527832,19.92342567,19.99699974,27.45367241,666.2000122,671.5999756
330,66480,Orange,Cypress Elementary,KK-06,4734,232.75,2.607800007,19.37249947,586,668.9500122,0.123785384,4922.939941,20.33942032,18.82723045,10.85762596,665.5,672.4000244
331,64766,Los Angeles,Lowell Joint Elementary,KK-08,3303,146.5,4.662399769,16.95429993,379,669.0999756,0.114744172,4969.380859,22.54607582,18.1186657,5.025733948,666.0999756,672.0999756
332,64832,Los Angeles,Newhall Elementary,KK-06,6055,286.9200134,5.613399982,30.08510017,540,669.3000488,0.089182496,4829.717285,21.10344315,23.66737556,14.23616886,668.9000244,669.7000122
333,65359,Marin,Lagunitas Elementary,KK-08,424,23.29999924,3.537699938,15.3302002,39,669.3000488,0.091981135,6716.692871,18.19742584,22.13899994,0.235849053,680.9000244,657.7000122
334,69385,Santa Clara,Cambrian Elementary,KK-08,2801,139.3000031,5.033899784,23.09889984,615,669.3499756,0.219564438,5205.941895,20.10768127,20.54599953,2.070688963,673.2999878,665.4000244
335,71654,Tehama,Richfield Elementary,KK-08,187,9.760000229,17.55319977,44.68090057,37,669.3499756,0.197860956,4357.826172,19.15983582,9.484999657,8.556149483,664.5999756,674.0999756
336,62794,Humboldt,Fieldbrook Elementary,KK-08,129,6.599999905,13.95349979,27.1317997,17,669.7999878,0.131782949,5195.918945,19.54545403,11.83399963,0,670.0999756,669.5
337,68049,San Diego,Dehesa Elementary,KK-06,188,9,6.382999897,36.70209885,41,669.8499756,0.21808511,6002.071777,20.88888931,18.79899979,4.787234306,673.2000122,666.5
338,69955,Shasta,Cottonwood Union Elementary,KK-08,1212,65.90000153,22.19470024,46.12210083,116,669.9500122,0.09570957,5090.587891,18.39150238,10.55099964,3.960396051,669.2000122,670.7000122
339,63479,Kern,Fruitvale Elementary,KK-08,2596,135.3500061,3.004600048,19.53000069,249,670,0.095916793,5112.390137,19.17990303,15.51900005,1.579352856,669.2000122,670.7999878
340,69708,Santa Clara,Union Elementary,KK-08,4925,253.8959961,3.821099997,12.17479992,753,670.6999512,0.152893394,5287.35498,19.39770699,21.63172722,3.593908548,672.7999878,668.5999756
341,66498,Orange,Fountain Valley Elementary,KK-08,6257,288.6300049,2.163500071,15.51280022,930,671.25,0.148633525,4889.47998,21.67827225,21.09575081,8.726226807,671.2000122,671.2999878
342,61879,El Dorado,Gold Oak Union Elementary,KK-08,868,45,4.723499775,19.00919914,122,671.2999878,0.140552998,5118.130371,19.28888893,15.16699982,0,674.5999756,668
343,61838,El Dorado,Buckeye Union Elementary,KK-08,3787,186.1000061,3.247999907,8.34430027,934,671.5999756,0.246633217,5119.123047,20.34927368,19.11700058,0.264061272,674.9000244,668.2999878
344,75085,Placer,Rocklin Unified,KK-08,6423,306.3800049,2.929899931,14.26599979,855,671.5999756,0.133115366,4792.211426,20.96416092,17.62000084,1.447921515,671.4000244,671.7999878
345,61887,El Dorado,Gold Trail Union Elementary,KK-08,678,34.84000015,2.507400036,15.92920017,47,671.6500244,0.069321536,5450.103516,19.46039009,15.16699982,0.147492617,677.5999756,665.7000122
346,62885,Humboldt,Hydesville Elementary,KK-08,162,8.399999619,16.95910072,33.91809845,23,671.6999512,0.141975313,5210.724609,19.2857151,10.64299965,0,679.7999878,663.5999756
347,64998,Los Angeles,Saugus Union Elementary,KK-06,8529,407.7000122,2.192500114,11.70129967,834,671.75,0.097784027,4715.445801,20.91979408,20.73905563,3.705006361,668.9000244,674.5999756
348,66845,Placer,Loomis Union Elementary,KK-08,1862,89.08999634,2.829699993,21.08919907,231,671.9000244,0.124060154,4632.068359,20.90021324,21.56599998,0.268528461,673.0999756,670.7000122
349,66886,Placer,Placer Hills Union Elementary,KK-08,1452,70.5,2.426000118,10.41419983,183,671.9000244,0.126033053,5028.561523,20.59574509,17.65600014,0,679.5999756,664.2000122
350,70672,Sonoma,Dunham Elementary,KK-06,155,8,0.645200014,12.25809956,32,671.9499512,0.20645161,5695.466797,19.375,17.70899963,4.516129017,672.2999878,671.5999756
351,69021,San Mateo,San Carlos Elementary,KK-08,2536,127.1100006,2.032799959,2.032799959,343,672.0499878,0.135252371,4504.294922,19.95122337,27.81599998,2.444794893,676.0999756,668
352,66399,Nevada,Ready Springs Union Elementary,KK-08,567,30.07999992,4.895100117,29.02099991,103,672.0500488,0.181657851,5156.437012,18.84973335,18.59300041,0,673.9000244,670.2000122
353,65219,Madera,Coarsegold Union Elementary,KK-08,953,52.59999847,7.98759985,33.9211998,135,672.2999878,0.141657919,5433.51416,18.11787033,14.26299953,0,668.0999756,676.5
354,68726,San Luis Obispo,Cayucos Elementary,KK-08,296,15.43000031,5.592100143,25.98679924,42,672.3499756,0.141891897,5254.631836,19.18340874,22.75799942,5.405405521,674.5999756,670.0999756
355,64170,Lassen,Richmond Elementary,KK-08,198,9,2.450999975,12.74510002,24,672.4500122,0.121212125,4593.196777,22,12.64000034,0,672.7000122,672.2000122
356,62109,Fresno,Clay Joint Elementary,KK-08,218,10.10000038,2.242199898,25.1121006,49,672.5500488,0.224770635,4320.678711,21.58415794,11.23799992,6.422018051,669.4000244,675.7000122
357,70995,Sonoma,Waugh Elementary,KK-06,734,36,2.024300098,12.82050037,117,672.6999512,0.159400538,4920.777344,20.38888931,16.95599937,6.539509296,676.0999756,669.2999878
358,70979,Sonoma,Two Rock Union Elementary,KK-06,189,11.60000038,2.07249999,32.12440109,50,673.0499878,0.264550269,6905.869141,16.29310226,17.70899963,14.2857151,679.0999756,667
359,68866,San Mateo,Belmont-Redwood Shores Elementary,KK-08,2528,138.3099976,1.342100024,2.445600033,482,673.25,0.19066456,5729.904297,18.27778244,25.62199974,3.678797483,675,671.5
360,61978,El Dorado,Rescue Union Elementary,KK-08,2987,154.1699982,2.042200089,11.18179989,290,673.2999878,0.097087376,4825.202148,19.37471581,18.72599983,0.502176106,676.0999756,670.5
361,66779,Placer,Alta-Dutch Flat Union Elementary,KK-08,208,11,9.389699936,32.86380005,21,673.5499878,0.100961536,5388.17041,18.90909004,13.44299984,0,680.5,666.5999756
362,68353,San Diego,San Pasqual Union Elementary,KK-08,379,23.10000038,2.902400017,22.16360092,29,673.5499878,0.07651715,5133.827148,16.4069252,15.18000031,22.69129372,670.5,676.5999756
363,61911,El Dorado,Latrobe Elementary,KK-08,145,9.300000191,6.20690012,0,27,673.9000244,0.186206892,5346.15625,15.59139729,19.11700058,0,670.5,677.2999878
364,66407,Nevada,Union Hill Elementary,KK-08,706,37.74000168,2.593699932,23.05480003,103,674.25,0.145892352,4789.309082,18.7069416,13.71199989,0.141643062,676,672.5
365,70961,Sonoma,Twin Hills Union Elementary,KK-08,878,47.90000153,1.375,15.75,105,675.4000244,0.119589977,5329.782227,18.32985306,17.50799942,2.733485222,681,669.7999878
366,62976,Humboldt,Pacific Union Elementary,KK-08,594,33.18000031,12.26889992,25.37820053,75,675.7000122,0.12626262,5371.172852,17.90235138,11.83399963,1.68350172,683,668.4000244
367,71696,Trinity,Douglas City Elementary,KK-08,139,7.349999905,20.86330032,66.90650177,40,676.1500244,0.287769794,5771.383789,18.91156578,13.27299976,0,680.0999756,672.2000122
368,66373,Nevada,Pleasant Ridge Union Elementary,KK-08,2089,102.7799988,2.51850009,14.0369997,318,676.5499878,0.152225941,4993.634766,20.32496643,16.3560009,0.143609375,673.7999878,679.2999878
369,66852,Placer,Newcastle Elementary,KK-08,326,16.28000069,4.294499874,11.04290009,42,676.5999756,0.128834352,4854.038086,20.02456856,18.62599945,0,673.2999878,679.9000244
370,72470,Ventura,Mesa Union Elementary,KK-08,516,21.5,0.968999982,27.71319962,50,676.8499756,0.096899226,4392.679688,24,23.7329998,11.04651165,680.5,673.2000122
371,71787,Trinity,Weaverville Elementary,KK-08,449,25.5,12.72729969,48.48479843,50,676.9499512,0.111358576,5884.432129,17.6078434,12.93400002,0,672.7999878,681.0999756
372,70078,Shasta,North Cow Creek Elementary,KK-08,297,15.35000038,2.356899977,4.040400028,70,677.25,0.235690236,4273.993164,19.34853363,13.90600014,0,679,675.5
373,66340,Nevada,Nevada City Elementary,KK-08,1579,80.23999786,5.555600166,21.78030014,165,677.9500122,0.104496516,5146.78418,19.67846489,15.42800045,0.063331224,678.5,677.4000244
374,62893,Humboldt,Jacoby Creek Elementary,KK-08,383,20.45000076,6.005199909,10.18280029,49,678.0500488,0.127937332,5351.522949,18.72860527,15.38099957,0,682.9000244,673.2000122
375,70698,Sonoma,Fort Ross Elementary,KK-08,81,5.099999905,3.614500046,0,14,678.4000244,0.172839507,7667.571777,15.88235283,22.52899933,0,685.2999878,671.5
376,68080,San Diego,Encinitas Union Elementary,KK-06,5259,262.230011,2.395900011,19.09110069,701,678.7999878,0.133295298,5281.708984,20.05491257,23.80609894,15.05989742,679,678.5999756
377,65318,Marin,Dixie Elementary,KK-08,1960,108.9599991,1.941699982,3.730200052,223,679.4000244,0.113775507,5368.50293,17.98825264,24.60300064,1.479591846,684.0999756,674.7000122
378,69492,Santa Clara,Lakeside Joint Elementary,KK-06,151,8.899999619,2.648999929,8.60929966,31,679.5,0.205298007,6429.257324,16.96629333,36.17399979,2.649006605,676.7999878,682.2000122
379,64600,Los Angeles,Hermosa Beach City Elementary,KK-08,946,49.16999817,2.17840004,6.535299778,310,679.6500244,0.327695549,5387.458984,19.23937416,33.45500183,1.47991538,683.0999756,676.2000122
380,70896,Sonoma,Rincon Valley Union Elementary,KK-06,2707,141.0200043,5.1395998,19.23080063,300,679.75,0.110823788,5235.774902,19.195858,20.4802227,4.469892979,678.7000122,680.7999878
381,66233,Monterey,Washington Union Elementary,KK-08,919,46.88999939,1.049299955,0,141,679.8000488,0.153427646,4829.896484,19.59906197,20.13400078,0.326441795,680.2000122,679.4000244
382,70623,Sonoma,Bennett Valley Union Elementary,KK-06,945,46,4.239900112,10.65149975,216,680.0500488,0.22857143,5088.708008,20.54347801,19.3465004,2.539682627,685.7000122,674.4000244
383,69500,Santa Clara,Loma Prieta Joint Union Elemen,KK-08,738,39.70199966,0,0.67750001,220,680.4500122,0.298102975,5390.118164,18.58848381,36.17399979,0.54200542,684.2000122,676.7000122
384,70789,Sonoma,Kenwood Elementary,KK-06,164,10.51000023,2.352900028,12.94120026,35,681.2999878,0.213414639,6588.430664,15.60418606,22.86333466,11.58536625,682.7999878,679.7999878
385,70797,Sonoma,Liberty Elementary,KK-06,167,10.92000008,0.520799994,11.45829964,29,681.2999878,0.173652694,6196.694824,15.29304028,17.70899963,11.37724495,680.7999878,681.7999878
386,71142,Stanislaus,Knights Ferry Elementary,KK-08,125,7.079999924,4,14.39999962,25,681.5999756,0.200000003,4645.413086,17.6553669,14.17700005,0,688.5,674.7000122
387,65334,Marin,Kentfield Elementary,KK-08,1091,62.06000137,0.53670001,0.53670001,113,681.9000244,0.103574701,6489.928711,17.57976151,41.0929985,1.37488544,689.7999878,674
388,69104,Santa Barbara,Ballard Elementary,KK-06,134,6,0.746299982,3.731300116,27,682.1500244,0.201492533,5094.958984,22.33333397,21.95700073,2.238806009,681.7999878,682.5
389,70839,Sonoma,Oak Grove Union Elementary,KK-08,600,32,2.694099903,29.31850052,55,682.4500122,0.091666669,4841.958496,18.75,16.06399918,5.333333492,680,684.9000244
390,75002,Marin,Ross Valley Elementary,KK-08,1803,99.59999847,1.924200058,3.621999979,283,682.5499878,0.156960621,6315.3125,18.10240936,25.73699951,2.773155928,685.5999756,679.5
391,69773,Santa Cruz,Mountain Elementary,KK-06,158,7.800000191,13.75,16.25,15,682.6500244,0.094936706,5399.383301,20.2564106,20.47400093,0,687.2999878,678
392,68882,San Mateo,Burlingame Elementary,KK-08,2392,127.2200012,1.421399951,6.270899773,439,683.3499756,0.183528423,5429.473633,18.80207443,35.81000137,17.72575188,682.4000244,684.2999878
393,70003,Shasta,Grant Elementary,KK-08,526,28.02000046,3.992399931,11.40680027,33,683.4000244,0.062737644,5644.286133,18.77230453,13.56700039,0,684.5,682.2999878
394,69757,Santa Cruz,Happy Valley Elementary,KK-06,141,6.909999847,10.07190037,9.352499962,44,684.3000488,0.31205675,6060.256836,20.40521049,20.0890007,0,680.4000244,688.2000122
395,69732,Santa Cruz,Bonny Doon Union Elementary,KK-06,235,12.60000038,4.660999775,5.932199955,30,684.3499756,0.127659574,5319.553711,18.65079308,18.28300095,0.425531894,688.5,680.2000122
396,61812,Contra Costa,Walnut Creek Elementary,KK-08,3280,158.3999939,2.752300024,7.859300137,406,684.8000488,0.123780489,4819.903809,20.7070713,25.23971558,6.067073345,682.2000122,687.4000244
397,69211,Santa Barbara,Hope Elementary,KK-06,1254,57,1.582299948,12.5,0,684.9500122,0,5208.226074,22,25.06299973,10.12759113,686.2000122,683.7000122
398,65367,Marin,Larkspur Elementary,KK-08,948,53.56000137,1.793200016,1.898699999,155,686.0500488,0.163502112,5859.964844,17.6997757,30.62849998,3.375527382,692.2000122,679.9000244
399,69419,Santa Clara,Cupertino Union Elementary,KK-08,15228,708.8300171,1.715399981,4.690899849,2232,686.6999512,0.146572098,4962.736816,21.48328972,27.47521591,8.648542404,683.0999756,690.2999878
400,69781,Santa Cruz,Pacific Elementary,KK-06,81,4.849999905,13.25300026,20.48189926,21,687.5499878,0.259259254,7614.379395,16.70103073,30.84000015,12.34567928,693.7999878,681.2999878
401,69526,Santa Clara,Los Gatos Union Elementary,KK-08,2768,141.3999939,0.448100001,2.792099953,540,689.0999756,0.195086703,5566.467773,19.57567215,34.15950012,1.589595318,691.5999756,686.5999756
402,69252,Santa Barbara,Montecito Union Elementary,KK-06,535,31,0.079999998,0.720000029,84,691.0499878,0.157009348,7039.949219,17.25806427,43.22999954,1.495327115,693.5,688.5999756
403,68387,San Diego,Solana Beach Elementary,KK-06,2542,146.3000031,0.826099992,9.677399635,404,691.3499756,0.158929974,6604.063965,17.37525558,27.94775009,10.38552284,687.7000122,695
404,68965,San Mateo,Menlo Park City Elementary,KK-08,1940,111.8199997,0.412400007,3.917500019,265,691.9000244,0.136597931,6180.148926,17.34931183,49.93899918,6.134020329,693.7000122,690.0999756
405,65425,Marin,Reed Union Elementary,KK-08,1059,65.12000275,0.849900007,1.416399956,272,693.9500122,0.25684607,6460.657227,16.26228523,55.32799911,2.266288996,695.9000244,692
406,65391,Marin,Mill Valley Elementary,KK-08,2340,132.1999969,1.581200004,2.435899973,403,694.25,0.172222227,6415.35498,17.70045471,35.48099899,2.47863245,693.5999756,694.9000244
407,61713,Contra Costa,Lafayette Elementary,KK-08,3469,172.3399963,0,0.1734,496,694.8000488,0.14298068,5230.876953,20.1288147,34.30099869,0.893629253,697.9000244,691.7000122
408,68056,San Diego,Del Mar Union Elementary,KK-06,2106,115.3000031,1.709400058,2.611599922,300,695.1999512,0.142450139,5838.171875,18.26539421,38.62857056,2.421652317,695.0999756,695.2999878
409,69088,San Mateo,Woodside Elementary,KK-08,478,32.86999893,0,0,112,695.2999878,0.234309629,7711.506836,14.54213619,35.34199905,3.765690327,701.2999878,689.2999878
410,61747,Contra Costa,Moraga Elementary,KK-08,1885,98.41999817,0.0506,0.303299993,241,696.5500488,0.127851456,5592.765137,19.15261078,31.05200005,1.962864757,697.4000244,695.7000122
411,61770,Contra Costa,Orinda Union Elementary,KK-08,2422,139.4700012,0,0.123899996,466,698.1999512,0.192402974,5933.154297,17.36574173,40.26399994,0.578034639,699.0999756,697.2999878
412,68908,San Mateo,Hillsborough City Elementary,KK-08,1318,87.05999756,0.151700005,0,412,698.25,0.312594831,7593.405762,15.13898468,35.81000137,2.807283878,695.4000244,701.0999756
413,69161,Santa Barbara,Cold Spring Elementary,KK-06,220,12.32999992,0.45449999,0,22,698.4499512,0.100000001,6500.449707,17.8426609,43.22999954,1.363636374,693.2999878,703.5999756
414,68981,San Mateo,Portola Valley Elementary,KK-08,687,44.59000015,0.304899991,0,209,699.0999756,0.304221243,7217.263184,15.40704155,50.67699814,1.164483309,698.2999878,699.9000244
415,69682,Santa Clara,Saratoga Union Elementary,KK-08,2341,124.0899963,0.170900002,0.59799999,286,700.3000488,0.122170016,5392.638672,18.86533928,40.40200043,2.050405741,698.9000244,701.7000122
416,68957,San Mateo,Las Lomitas Elementary,KK-08,984,59.72999954,0.101599999,3.556900024,195,704.3000488,0.198170736,7290.338867,16.47413445,28.71699905,5.995934963,700.9000244,707.7000122
417,69518,Santa Clara,Los Altos Elementary,KK-08,3724,208.4799957,1.074100018,1.503800035,721,706.75,0.193609029,5741.462891,17.86262512,41.73410797,4.726100922,704,709.5
418,72611,Ventura,Somis Union Elementary,KK-08,441,20.14999962,3.563499928,37.19380188,45,645,0.10204082,4402.831543,21.88585663,23.7329998,24.26303864,648.2999878,641.7000122
419,72744,Yuba,Plumas Elementary,KK-08,101,5,11.88119984,59.40589905,14,672.2000122,0.138613865,4776.336426,20.20000076,9.951999664,2.970297098,667.9000244,676.5
420,72751,Yuba,Wheatland Elementary,KK-08,1778,93.40000153,6.923500061,47.57120132,313,655.75,0.1760405,5993.392578,19.03640175,12.50199986,5.005624294,660.5,651
